code,name_ja,asset_class,tff,disagg,cit
134741,SOFR 3M,金利,1,0,0
045601,FF金利,金利,1,0,0
042601,米2年債,金利,1,0,0
044601,米5年債,金利,1,0,0
043602,米10年債,金利,1,0,0
043607,Ultra 10年債,金利,1,0,0
020601,米国債（Tボンド）,金利,1,0,0
020604,Ultra Tボンド,金利,1,0,0
13874A,E-mini S&P500,株価指数,1,0,0
209742,Nasdaq-100 mini,株価指数,1,0,0
239742,Russell 2000 E-mini,株価指数,1,0,0
124603,ダウ平均（x$5）,株価指数,1,0,0
1170E1,VIX,株価指数,1,0,0
244042,MSCI EM,株価指数,1,0,0
097741,日本円,通貨,1,0,0
099741,ユーロ,通貨,1,0,0
096742,英ポンド,通貨,1,0,0
092741,スイスフラン,通貨,1,0,0
090741,カナダドル,通貨,1,0,0
232741,豪ドル,通貨,1,0,0
112741,NZドル,通貨,1,0,0
095741,メキシコペソ,通貨,1,0,0
102741,ブラジルレアル,通貨,1,0,0
122741,南アフリカランド,通貨,1,0,0
098662,ドル指数,通貨,1,0,0
133741,ビットコイン（CME）,暗号資産,1,0,0
067651,WTI原油,エネルギー,0,1,0
023651,天然ガス（NYMEX）,エネルギー,0,1,0
111659,RBOBガソリン,エネルギー,0,1,0
022651,NYハーバーULSD,エネルギー,0,1,0
088691,金,金属,0,1,0
084691,銀,金属,0,1,0
085692,銅,金属,0,1,0
076651,プラチナ,金属,0,1,0
002602,コーン,農産物,0,1,1
005602,大豆,農産物,0,1,1
001602,小麦（SRW）,農産物,0,1,1
080732,砂糖,農産物,0,1,1
083731,コーヒー,農産物,0,1,1
073732,ココア,農産物,0,1,1
040701,オレンジジュース,農産物,0,1,0
057642,生牛（Live Cattle）,農産物,0,1,1
